{
  "mvn:org.talend.components/components-api/0.23.1/jar" : "mvn:org.talend.components/components-api/0.23.1/jar",
  "mvn:org.slf4j/slf4j-api/1.7.12/jar" : "mvn:org.slf4j/slf4j-api/1.7.12/jar",
  "mvn:commons-codec/commons-codec/1.6/jar" : "mvn:commons-codec/commons-codec/1.6/jar",
  "mvn:javax.servlet/javax.servlet-api/3.1.0/jar" : "mvn:javax.servlet/javax.servlet-api/3.1.0/jar",
  "mvn:com.microsoft.azure/azure-keyvault-core/0.9.7/jar" : "mvn:com.microsoft.azure/azure-keyvault-core/0.9.7/jar",
  "mvn:org.apache.commons/commons-compress/1.8.1/jar" : "mvn:org.apache.commons/commons-compress/1.8.1/jar",
  "mvn:javax.inject/javax.inject/1/jar" : "mvn:javax.inject/javax.inject/1/jar",
  "mvn:org.apache.avro/avro/1.8.1/jar" : "mvn:org.apache.avro/avro/1.8.1/jar",
  "mvn:com.fasterxml.jackson.core/jackson-annotations/2.9.0/jar" : "mvn:com.fasterxml.jackson.core/jackson-annotations/2.9.0/jar",
  "mvn:org.talend.components/components-common/0.23.1/jar" : "mvn:org.talend.components/components-common/0.23.1/jar",
  "mvn:org.ops4j.pax.url/pax-url-aether/2.4.7/jar" : "mvn:org.ops4j.pax.url/pax-url-aether/2.4.7/jar",
  "mvn:org.xerial.snappy/snappy-java/1.1.1.3/jar" : "mvn:org.xerial.snappy/snappy-java/1.1.1.3/jar",
  "mvn:net.sourceforge.javacsv/javacsv/2.0/jar" : "mvn:net.sourceforge.javacsv/javacsv/2.0/jar",
  "mvn:com.microsoft.azure/azure-storage/5.0.0/jar" : "mvn:com.microsoft.azure/azure-storage/5.0.0/jar",
  "mvn:org.slf4j/jcl-over-slf4j/1.6.6/jar" : "mvn:org.slf4j/jcl-over-slf4j/1.6.6/jar",
  "mvn:org.tukaani/xz/1.5/jar" : "mvn:org.tukaani/xz/1.5/jar",
  "mvn:org.talend.components/components-azurestorage/0.23.1/jar" : "mvn:org.talend.components/components-azurestorage/0.23.1/jar",
  "mvn:org.talend.libraries/talend-codegen-utils/0.20.4/jar" : "mvn:org.talend.libraries/talend-codegen-utils/0.20.4/jar",
  "mvn:biz.aQute.bnd/annotation/2.4.0/jar" : "mvn:biz.aQute.bnd/annotation/2.4.0/jar",
  "mvn:joda-time/joda-time/2.8.2/jar" : "mvn:joda-time/joda-time/2.8.2/jar",
  "mvn:com.thoughtworks.paranamer/paranamer/2.7/jar" : "mvn:com.thoughtworks.paranamer/paranamer/2.7/jar",
  "mvn:org.apache.commons/commons-lang3/3.4/jar" : "mvn:org.apache.commons/commons-lang3/3.4/jar",
  "mvn:com.cedarsoftware/json-io/4.9.9-TALEND/jar" : "mvn:com.cedarsoftware/json-io/4.9.9-TALEND/jar",
  "mvn:org.talend.daikon/daikon/0.23.0/jar" : "mvn:org.talend.daikon/daikon/0.23.0/jar"
}